CAMKK2_rare_AR,PKHD1L1_rare_AR,TNFAIP2_rare_AR,WDR27_rare_AR,DLX6_rare_AR,grading
0,1,0,1,0,1
0,0,0,0,0,1
0,0,0,0,0,1
0,0,0,0,0,1
0,0,0,0,0,1
0,0,0,0,0,1
0,0,0,0,0,1
0,0,0,0,0,1
0,1,0,0,0,0
0,0,0,0,0,0
0,0,0,0,0,1
0,0,0,0,0,0
0,0,0,0,0,0
0,0,0,0,0,0
0,0,0,0,0,0
0,0,0,0,0,1
0,0,0,0,0,1
0,0,0,0,0,1
0,0,0,0,0,1
0,0,0,0,0,1
0,0,0,0,0,1
0,0,0,0,0,1
0,0,0,0,0,1
0,0,1,0,0,1
0,0,0,0,0,1
0,0,0,0,1,1
0,0,0,1,0,1
0,0,0,1,0,1
0,0,1,0,0,1
0,0,0,0,0,1
0,0,0,0,0,1
0,0,0,0,0,1
0,0,0,0,0,1
0,0,0,0,0,1
0,0,0,0,0,0
0,0,1,0,0,0
0,0,0,0,0,0
0,0,0,0,0,0
0,0,0,0,0,1
0,0,0,0,0,0
0,0,0,0,0,0
0,0,0,0,0,0
0,0,0,0,0,0
0,0,0,0,0,1
0,0,0,0,0,1
0,0,0,0,0,1
0,0,0,0,0,1
0,0,0,0,0,0
0,0,0,1,0,0
0,0,0,1,0,0
0,0,0,0,0,0
0,0,0,0,0,0
0,0,1,0,0,0
0,0,0,0,0,0
0,0,0,0,0,0
0,0,0,0,0,0
0,0,0,0,0,0
0,0,0,0,1,0
0,0,0,0,0,0
0,0,0,0,0,0
0,0,0,0,0,0
0,0,0,0,0,0
0,0,0,0,0,1
0,0,0,0,0,0
0,0,0,0,0,0
0,0,0,0,0,0
0,0,0,0,0,0
0,0,0,0,0,0
0,0,0,0,0,1
0,0,0,0,0,1
0,0,0,0,0,1
0,0,0,0,0,1
0,0,0,0,0,0
0,0,0,0,0,0
0,0,0,0,0,0
0,0,0,0,0,0
0,0,0,0,0,0
0,0,0,0,0,0
0,0,0,0,0,0
0,0,0,0,0,0
0,0,0,0,0,1
0,0,0,0,0,1
0,0,0,0,0,1
0,0,1,0,0,0
0,0,0,0,0,0
0,0,0,0,0,0
0,0,0,0,0,0
0,1,0,0,0,1
0,0,0,0,0,1
0,0,0,0,0,1
0,1,0,0,0,1
0,0,0,0,0,1
0,0,0,0,0,1
0,0,0,0,0,0
0,0,0,0,0,0
0,0,0,0,0,1
0,0,0,0,0,1
0,1,0,0,0,0
0,0,0,0,0,1
0,0,0,0,0,1
0,0,0,0,0,0
0,0,1,0,0,0
0,0,1,0,0,0
0,0,0,0,0,0
0,1,0,0,0,0
0,0,0,0,0,0
0,0,0,0,0,0
0,0,0,0,0,0
0,0,0,0,0,0
0,0,0,0,0,0
0,0,0,0,0,0
0,0,0,0,0,0
0,0,0,0,0,0
0,0,0,0,0,1
0,1,0,1,0,1
0,0,0,0,0,0
0,0,0,0,0,0
0,0,0,0,1,0
0,0,0,0,0,0
0,0,0,0,0,0
0,0,0,0,0,0
0,0,1,0,0,0
0,0,0,0,0,0
0,0,0,0,0,0
0,0,0,0,0,0
0,0,0,0,0,0
0,0,0,0,0,0
0,0,0,0,0,0
0,0,0,0,0,0
0,0,0,0,0,0
0,0,0,0,0,0
0,0,0,0,0,0
0,0,0,0,0,0
0,0,0,0,0,0
0,0,0,0,0,1
0,0,0,0,0,1
0,0,0,0,0,1
0,1,0,1,0,1
0,0,0,0,0,1
0,0,0,0,0,1
0,0,0,0,0,1
0,0,0,0,1,1
0,0,0,1,0,1
0,1,0,0,0,0
0,0,0,0,0,0
0,0,0,0,0,0
0,0,0,0,0,0
0,0,0,0,0,0
0,0,0,0,0,0
0,0,0,0,0,0
0,0,0,1,0,1
0,0,0,0,0,0
0,0,0,0,0,0
0,0,0,0,0,0
0,0,0,0,0,0
0,0,0,0,0,0
0,0,0,0,0,0
0,0,0,0,0,0
0,0,0,0,0,0
0,1,0,0,0,0
0,1,1,0,0,0
0,0,0,0,0,0
0,0,0,0,0,0
0,0,0,0,0,0
0,0,0,0,0,0
0,0,0,0,0,0
0,0,0,0,0,0
0,0,0,0,0,0
0,0,0,0,0,0
0,0,0,0,0,1
0,0,0,0,0,1
0,0,0,0,0,1
0,0,0,0,0,1
0,0,0,0,0,1
0,0,0,0,0,1
0,0,0,0,0,1
0,0,0,0,0,1
0,0,0,0,0,1
0,0,0,0,0,1
0,0,0,1,0,1
0,1,0,0,0,1
0,0,0,0,1,1
0,0,0,0,0,1
0,1,0,1,0,1
0,0,0,0,0,0
0,1,0,0,0,1
0,0,0,0,1,1
1,0,0,0,0,1
0,0,0,0,0,0
0,0,0,0,0,1
0,0,0,0,0,1
0,0,0,0,0,0
0,0,0,0,0,0
0,0,0,1,0,0
0,0,0,0,0,0
0,0,0,0,0,1
0,0,0,0,0,0
0,0,0,0,0,0
1,0,0,0,1,1
0,0,0,0,0,1
1,0,0,0,0,0
1,0,0,0,1,1
1,0,0,0,0,1
1,0,0,0,0,1
0,0,1,0,0,0
1,0,0,0,0,0
1,0,0,0,0,1
0,0,0,0,1,0
1,0,0,0,0,1
1,0,0,0,0,1
1,0,0,0,0,0
1,0,0,0,1,0
1,0,0,0,0,0
1,0,0,0,1,1
1,0,0,0,0,1
0,0,0,0,0,1
0,0,0,0,0,1
1,0,0,0,0,1
0,0,0,0,0,0
1,0,0,0,0,1
1,0,0,0,0,1
1,0,0,0,0,1
0,0,0,0,1,1
1,0,0,1,1,1
1,0,0,0,1,1
1,0,0,0,0,1
1,0,0,0,0,1
1,0,0,0,1,1
1,0,0,0,0,0
1,0,0,1,1,1
1,0,0,0,1,1
1,0,0,1,0,1
1,0,0,0,0,1
0,0,0,0,0,1
0,0,0,0,0,0
0,1,0,0,0,1
0,0,0,0,0,1
0,0,0,0,0,1
0,0,0,0,0,0
0,0,0,0,0,1
0,0,0,0,0,1
0,0,0,0,0,1
0,0,0,0,0,0
0,0,0,0,0,0
0,0,0,0,0,1
0,0,0,0,0,1
0,0,0,0,0,1
0,0,0,0,0,1
0,0,0,0,0,1
0,0,1,0,0,0
0,0,0,0,0,0
0,0,0,0,0,0
0,1,0,0,0,1
0,0,0,0,0,1
0,0,0,1,0,1
0,0,0,0,0,0
0,0,0,0,0,1
0,0,0,0,0,0
0,1,0,0,0,1
0,0,0,0,0,1
0,0,0,0,0,1
0,0,0,0,0,1
0,0,0,0,0,1
0,1,0,0,0,1
0,0,0,0,0,0
0,0,0,0,0,0
0,0,0,0,0,1
0,0,0,1,0,0
0,1,0,0,0,1
0,0,0,0,0,1
0,0,0,0,0,1
0,0,0,0,1,1
0,0,0,0,0,1
0,1,0,0,0,1
0,1,0,0,0,1
0,0,0,0,0,1
0,0,0,0,0,1
0,0,0,1,0,1
0,1,0,0,0,1
0,0,0,0,0,1
0,0,0,0,0,0
0,0,1,0,0,0
0,0,1,0,1,0
0,0,0,0,0,1
0,0,0,0,0,1
0,0,0,0,0,0
0,0,0,1,0,0
0,0,0,0,0,0
0,0,0,0,0,0
0,0,0,0,0,0
0,1,0,0,0,0
0,0,0,0,0,1
0,0,0,0,0,1
0,0,0,0,0,1
0,0,0,0,0,1
0,0,0,0,0,0
0,0,0,0,0,0
0,0,0,0,0,1
0,0,0,0,0,1
0,0,0,0,0,0
0,0,0,0,0,1
0,0,0,1,0,1
0,1,0,0,0,1
0,0,0,0,0,0
0,0,0,0,0,0
0,0,0,0,0,1
0,0,0,0,0,1
0,0,0,1,0,1
0,0,0,0,0,1
0,0,0,0,0,1
0,0,0,0,0,0
0,0,0,0,0,1
0,0,0,0,0,0
0,0,0,0,0,1
0,0,0,0,0,1
